Year,Film,Nominee,Winner
1995,Sense and Sensibility,Ang Lee,TRUE
1996,Fargo,Joel Coen and Ethan Coen,TRUE
1996,Big Night,Campbell Scott and Stanley Tucci,FALSE
1996,The Crucible,Nicholas Hytner,FALSE
1996,The English Patient,Anthony Minghella,FALSE
1996,Evita,Alan Parker,FALSE
1996,Hamlet,Kenneth Branagh,FALSE
1996,Jerry Maguire,Cameron Crowe,FALSE
1996,Lone Star,John Sayles,FALSE
1996,The People vs. Larry Flynt,Miloš Forman,FALSE
1996,Shine,Scott Hicks,FALSE
1997,L.A. Confidential,Curtis Hanson,TRUE
1997,Amistad,Steven Spielberg,FALSE
1997,As Good as It Gets,James L. Brooks,FALSE
1997,Boogie Nights,Paul Thomas Anderson,FALSE
1997,Donnie Brasco,Mike Newell,FALSE
1997,Good Will Hunting,Gus Van Sant,FALSE
1997,The Full Monty,Peter Cattaneo,FALSE
1997,Titanic,James Cameron,FALSE
1997,Wag the Dog,Barry Levinson,FALSE
1997,The Wings of the Dove,Iain Softley,FALSE
1998,Saving Private Ryan,Steven Spielberg,TRUE
1998,Elizabeth,Shekhar Kapur,FALSE
1998,Gods and Monsters,Bill Condon,FALSE
1998,Life Is Beautiful,Roberto Benigni,FALSE
1998,Out of Sight,Steven Soderbergh,FALSE
1998,Pleasantville,Gary Ross,FALSE
1998,Shakespeare in Love,John Madden,FALSE
1998,A Simple Plan,Sam Raimi,FALSE
1998,The Thin Red Line,Terrence Malick,FALSE
1998,The Truman Show,Peter Weir,FALSE
1999,American Beauty,Sam Mendes,TRUE
1999,Being John Malkovich,Spike Jonze,FALSE
1999,The Cider House Rules,Lasse Hallström,FALSE
1999,The Green Mile,Frank Darabont,FALSE
1999,The Insider,Michael Mann,FALSE
1999,Magnolia,Paul Thomas Anderson,FALSE
1999,Man on the Moon,Miloš Forman,FALSE
1999,The Sixth Sense,M. Night Shyamalan,FALSE
1999,The Talented Mr. Ripley,Anthony Minghella,FALSE
1999,Three Kings,David O. Russell,FALSE
2000,Gladiator,Ridley Scott,TRUE
2000,Almost Famous,Cameron Crowe,FALSE
2000,Billy Elliot,Stephen Daldry,FALSE
2000,Cast Away,Robert Zemeckis,FALSE
2000,"Crouching Tiger, Hidden Dragon",Ang Lee,FALSE
2000,Erin Brockovich,Steven Soderbergh,FALSE
2000,Quills,Philip Kaufman,FALSE
2000,Thirteen Days,Roger Donaldson,FALSE
2000,Traffic,Steven Soderbergh,FALSE
2000,Wonder Boys,Curtis Hanson,FALSE
2000,You Can Count on Me,Kenneth Lonergan,FALSE
2001,A Beautiful Mind,Ron Howard,TRUE
2001,Ali,Michael Mann,FALSE
2001,In the Bedroom,Todd Field,FALSE
2001,The Lord of the Rings: The Fellowship of the Ring,Peter Jackson,FALSE
2001,The Man Who Wasn't There,Joel Coen,FALSE
2001,Memento,Christopher Nolan,FALSE
2001,Moulin Rouge!,Baz Luhrmann,FALSE
2001,Mulholland Drive,David Lynch,FALSE
2001,The Shipping News,Lasse Hallström,FALSE
2001,Shrek,Andrew Adamson and Vicky Jenson,FALSE
2002,Chicago,Rob Marshall,TRUE
2002,About Schmidt,Alexander Payne,FALSE
2002,Adaptation.,Spike Jonze,FALSE
2002,Catch Me If You Can,Steven Spielberg,FALSE
2002,Far from Heaven,Todd Haynes,FALSE
2002,Gangs of New York,Martin Scorsese,FALSE
2002,The Hours,Stephen Daldry,FALSE
2002,The Lord of the Rings: The Two Towers,Peter Jackson,FALSE
2002,The Pianist,Roman Polanski,FALSE
2002,Road to Perdition,Sam Mendes,FALSE
2003,The Lord of the Rings: The Return of the King,Peter Jackson,TRUE
2003,Big Fish,Tim Burton,FALSE
2003,Cold Mountain,Anthony Minghella,FALSE
2003,Finding Nemo,Andrew Stanton,FALSE
2003,In America,Jim Sheridan,FALSE
2003,The Last Samurai,Edward Zwick,FALSE
2003,Lost in Translation,Sofia Coppola,FALSE
2003,Master and Commander: The Far Side of the World,Peter Weir,FALSE
2003,Mystic River,Clint Eastwood,FALSE
2003,Seabiscuit,Gary Ross,FALSE
2004,Sideways,Alexander Payne,TRUE
2004,The Aviator,Martin Scorsese,FALSE
2004,Collateral,Michael Mann,FALSE
2004,Eternal Sunshine of the Spotless Mind,Michel Gondry,FALSE
2004,Finding Neverland,Marc Forster,FALSE
2004,Hotel Rwanda,Terry George,FALSE
2004,Kinsey,Bill Condon,FALSE
2004,Million Dollar Baby,Clint Eastwood,FALSE
2004,The Phantom of the Opera,Joel Schumacher,FALSE
2004,Ray,Taylor Hackford,FALSE
2005,Brokeback Mountain,Ang Lee,TRUE
2005,Capote,Bennett Miller,FALSE
2005,Cinderella Man,Ron Howard,FALSE
2005,The Constant Gardener,Fernando Meirelles,FALSE
2005,Crash,Paul Haggis,FALSE
2005,"Good Night, and Good Luck.",George Clooney,FALSE
2005,King Kong,Peter Jackson,FALSE
2005,Memoirs of a Geisha,Rob Marshall,FALSE
2005,Munich,Steven Spielberg,FALSE
2005,Walk the Line,James Mangold,FALSE
2006,The Departed,Martin Scorsese,TRUE
2006,Babel,Alejandro González Iñárritu,FALSE
2006,Blood Diamond,Edward Zwick,FALSE
2006,Dreamgirls,Bill Condon,FALSE
2006,Letters from Iwo Jima,Clint Eastwood,FALSE
2006,Little Children,Todd Field,FALSE
2006,Little Miss Sunshine,Jonathan Dayton and Valerie Faris,FALSE
2006,Notes on a Scandal,Richard Eyre,FALSE
2006,The Queen,Stephen Frears,FALSE
2006,United 93,Paul Greengrass,FALSE
2007,No Country for Old Men,Joel Coen and Ethan Coen,TRUE
2007,American Gangster,Ridley Scott,FALSE
2007,Atonement,Joe Wright,FALSE
2007,The Diving Bell and the Butterfly,Julian Schnabel,FALSE
2007,Into the Wild,Sean Penn,FALSE
2007,Juno,Jason Reitman,FALSE
2007,The Kite Runner,Marc Forster,FALSE
2007,Michael Clayton,Tony Gilroy,FALSE
2007,Sweeney Todd: The Demon Barber of Fleet Street,Tim Burton,FALSE
2007,There Will Be Blood,Paul Thomas Anderson,FALSE
2008,Slumdog Millionaire,Danny Boyle,TRUE
2008,Changeling,Clint Eastwood,FALSE
2008,The Curious Case of Benjamin Button,David Fincher,FALSE
2008,The Dark Knight,Christopher Nolan,FALSE
2008,Doubt,John Patrick Shanley,FALSE
2008,Frost/Nixon,Ron Howard,FALSE
2008,Milk,Gus Van Sant,FALSE
2008,The Reader,Stephen Daldry,FALSE
2008,WALL-E,Andrew Stanton,FALSE
2008,The Wrestler,Darren Aronofsky,FALSE
2009,The Hurt Locker,Kathryn Bigelow,TRUE
2009,Avatar,James Cameron,FALSE
2009,An Education,Lone Scherfig,FALSE
2009,Inglourious Basterds,Quentin Tarantino,FALSE
2009,Invictus,Clint Eastwood,FALSE
2009,Nine,Rob Marshall,FALSE
2009,Precious,Lee Daniels,FALSE
2009,A Serious Man,Joel Coen and Ethan Coen,FALSE
2009,Up,Pete Docter,FALSE
2009,Up in the Air,Jason Reitman,FALSE
2010,The Social Network,David Fincher,TRUE
2010,127 Hours,Danny Boyle,FALSE
2010,Black Swan,Darren Aronofsky,FALSE
2010,The Fighter,David O. Russell,FALSE
2010,Inception,Christopher Nolan,FALSE
2010,The King's Speech,Tom Hooper,FALSE
2010,The Town,Ben Affleck,FALSE
2010,Toy Story 3,Lee Unkrich,FALSE
2010,True Grit,Joel Coen and Ethan Coen,FALSE
2010,Winter's Bone,Debra Granik,FALSE
2011,The Artist,Michel Hazanavicius,TRUE
2011,The Descendants,Alexander Payne,FALSE
2011,Drive,Nicolas Winding Refn,FALSE
2011,Extremely Loud & Incredibly Close,Stephen Daldry,FALSE
2011,The Help,Tate Taylor,FALSE
2011,Hugo,Martin Scorsese,FALSE
2011,Midnight in Paris,Woody Allen,FALSE
2011,Moneyball,Bennett Miller,FALSE
2011,The Tree of Life,Terrence Malick,FALSE
2011,War Horse,Steven Spielberg,FALSE
2012,Argo,Ben Affleck,TRUE
2012,Beasts of the Southern Wild,Benh Zeitlin,FALSE
2012,Django Unchained,Quentin Tarantino,FALSE
2012,Les Misérables,Tom Hooper,FALSE
2012,Life of Pi,Ang Lee,FALSE
2012,Lincoln,Steven Spielberg,FALSE
2012,The Master,Paul Thomas Anderson,FALSE
2012,Moonrise Kingdom,Wes Anderson,FALSE
2012,Silver Linings Playbook,David O. Russell,FALSE
2012,Zero Dark Thirty,Kathryn Bigelow,FALSE
2013,12 Years a Slave,Steve McQueen,TRUE
2013,American Hustle,David O. Russell,FALSE
2013,Captain Phillips,Paul Greengrass,FALSE
2013,Dallas Buyers Club,Jean-Marc Vallée,FALSE
2013,Gravity,Alfonso Cuarón,FALSE
2013,Her,Spike Jonze,FALSE
2013,Inside Llewyn Davis,Joel Coen and Ethan Coen,FALSE
2013,Nebraska,Alexander Payne,FALSE
2013,Saving Mr. Banks,John Lee Hancock,FALSE
2013,The Wolf of Wall Street,Martin Scorsese,FALSE
2014,Boyhood,Richard Linklater,TRUE
2014,Birdman,Alejandro G. Iñárritu,FALSE
2014,Gone Girl,David Fincher,FALSE
2014,The Grand Budapest Hotel,Wes Anderson,FALSE
2014,The Imitation Game,Morten Tyldum,FALSE
2014,Nightcrawler,Dan Gilroy,FALSE
2014,Selma,Ava DuVernay,FALSE
2014,The Theory of Everything,James Marsh,FALSE
2014,Unbroken,Angelina Jolie,FALSE
2014,Whiplash,Damien Chazelle,FALSE
2015,Spotlight,Tom McCarthy,TRUE
2015,The Big Short,Adam McKay,FALSE
2015,Bridge of Spies,Steve Spielberg,FALSE
2015,Brooklyn,John Crowley,FALSE
2015,Carol,Todd Haynes,FALSE
2015,Mad Max: Fury Road,George Miller,FALSE
2015,The Martian,Ridley Scott,FALSE
2015,The Revenant,Alejandro G. Iñárritu,FALSE
2015,Room,Lenny Abrahamson,FALSE
2015,Sicario,Denis Villeneuve,FALSE
2015,Star Wars: The Force Awakens,J. J. Abrams,FALSE
2016,La La Land,Damien Chazelle,TRUE
2016,Arrival,Denis Villeneuve,FALSE
2016,Fences,Denzel Washington,FALSE
2016,Hacksaw Ridge,Mel Gibson,FALSE
2016,Hell or High Water,David Mackenzie,FALSE
2016,Lion,Garth Davis,FALSE
2016,Loving,Jeff Nichols,FALSE
2016,Manchester by the Sea,Kenneth Lonergan,FALSE
2016,Moonlight,Barry Jenkins,FALSE
2016,Sully,Clint Eastwood,FALSE
2017,The Shape of Water,Guillermo del Toro,TRUE
2017,The Big Sick,Michael Showalter,FALSE
2017,Call Me by Your Name,Luca Guadagnino,FALSE
2017,Darkest Hour,Joe Wright,FALSE
2017,Dunkirk,Christopher Nolan,FALSE
2017,The Florida Project,Sean Baker,FALSE
2017,Get Out,Jordan Peele,FALSE
2017,Lady Bird,Greta Gerwig,FALSE
2017,The Post,Steven Spielberg,FALSE
2017,"Three Billboards Outside Ebbing, Missouri",Martin McDonagh,FALSE
2018,Roma,Alfonso Cuarón,TRUE
2018,BlacKkKlansman,Spike Lee,FALSE
2018,Black Panther,Ryan Coogler,FALSE
2018,The Favourite,Yorgos Lanthimos,FALSE
2018,First Man,Damien Chazelle,FALSE
2018,Green Book,Peter Farrelly,FALSE
2018,If Beale Street Could Talk,Barry Jenkins,FALSE
2018,Mary Poppins Returns,Rob Marshall,FALSE
2018,A Star Is Born,Bradley Cooper,FALSE
2018,Vice,Adam McKay,FALSE
2019,Once Upon a Time in Hollywood,Quentin Tarantino,TRUE
2019,1917,Sam Mendes,FALSE
2019,Ford v Ferrari,James Mangold,FALSE
2019,The Irishman,Martin Scorsese,FALSE
2019,Jojo Rabbit,Taika Waititi,FALSE
2019,Joker,Todd Phillips,FALSE
2019,Little Women,Greta Gerwig,FALSE
2019,Marriage Story,Noah Baumbach,FALSE
2019,Parasite,Bong Joon-ho,FALSE
2019,Uncut Gems,Josh Safdie and Benny Safdie,FALSE
2020,Nomadland,Chloé Zhao,TRUE
2020,Da 5 Bloods,Spike Lee,FALSE
2020,Ma Rainey's Black Bottom,George C. Wolfe,FALSE
2020,Mank,David Fincher,FALSE
2020,Minari,Lee Isaac Chung,FALSE
2020,News of the World,Paul Greengrass,FALSE
2020,One Night in Miami...,Regina King,FALSE
2020,Promising Young Woman,Emerald Fennell,FALSE
2020,Sound of Metal,Darius Marder,FALSE
2020,The Trial of the Chicago 7,Aaron Sorkin,FALSE
2021,The Power of the Dog,Jane Campion,TRUE
2021,Belfast,Kenneth Branagh,FALSE
2021,CODA,Sian Heder,FALSE
2021,Don't Look Up,Adam McKay,FALSE
2021,Dune,Denis Villeneuve,FALSE
2021,King Richard,Reinaldo Marcus Green,FALSE
2021,Licorice Pizza,Paul Thomas Anderson,FALSE
2021,Nightmare Alley,Guillermo del Toro,FALSE
2021,"tick, tick... BOOM!",Lin-Manuel Miranda,FALSE
2021,West Side Story,Steven Spielberg,FALSE
2022,Everything Everywhere All at Once,Daniel Kwan and Daniel Scheinert,TRUE
2022,Avatar: The Way of Water,James Cameron,FALSE
2022,Babylon,Damien Chazelle,FALSE
2022,The Banshees of Inisherin,Martin McDonagh,FALSE
2022,Elvis,Baz Luhrmann,FALSE
2022,The Fabelmans,Steven Spielberg,FALSE
2022,Glass Onion: A Knives Out Mystery,Rian Johnson,FALSE
2022,RRR,S. S. Rajamouli,FALSE
2022,Tár,Todd Field,FALSE
2022,Top Gun: Maverick,Joseph Kosinski,FALSE
2022,Women Talking,Sarah Polley,FALSE
2023,Oppenheimer,Christopher Nolan,TRUE
2023,American Fiction,Cord Jefferson,FALSE
2023,Barbie,Greta Gerwig,FALSE
2023,The Color Purple,Blitz Bazawule,FALSE
2023,The Holdovers,Alexander Payne,FALSE
2023,Killers of the Flower Moon,Martin Scorsese,FALSE
2023,Maestro,Bradley Cooper,FALSE
2023,Past Lives,Celine Song,FALSE
2023,Poor Things,Yorgos Lanthimos,FALSE
2023,Saltburn,Emerald Fennell,FALSE
2024,Anora,Sean Baker,TRUE
2024,A Complete Unknown,James Mangold,FALSE
2024,The Brutalist,Brady Corbet,FALSE
2024,Conclave,Edward Berger,FALSE
2024,Dune: Part Two,Denis Villeneuve,FALSE
2024,Emilia Pérez,Jacques Audiard,FALSE
2024,Nickel Boys,RaMell Ross,FALSE
2024,Sing Sing,Greg Kwedar,FALSE
2024,The Substance,Coralie Fargeat,FALSE
2024,Wicked,Jon M. Chu,FALSE
